FECHA (YYMMDD);HORA (HHMM);Registros validados;Registros preliminares;Registros no validados;
240720;0100;;29;;
240720;0200;;13;;
240720;0300;;14;;
240720;0400;;19;;
240720;0500;;15;;
240720;0600;;9;;
240720;0700;;11;;
240720;0800;;36;;
240720;0900;;32;;
240720;1000;;14;;
240720;1100;;7;;
240720;1200;;6;;
240720;1300;;5;;
240720;1400;;6;;
240720;1500;;5;;
240720;1600;;4;;
240720;1700;;45;;
240720;1800;;48;;
240720;1900;;49;;
240720;2000;;62;;
240720;2100;;68;;
240720;2200;;46;;
240720;2300;;32;;
240721;0000;;27;;
240721;0100;;27;;
240721;0200;;21;;
240721;0300;;8;;
240721;0400;;10;;
240721;0500;;11;;
240721;0600;;10;;
240721;0700;;21;;
240721;0800;;16;;
240721;0900;;19;;
240721;1000;;19;;
240721;1100;;23;;
240721;1200;;13;;
240721;1300;;12;;
240721;1400;;10;;
240721;1500;;8;;
240721;1600;;10;;
240721;1700;;17;;
240721;1800;;135;;
240721;1900;;146;;
240721;2000;;120;;
240721;2100;;91;;
240721;2200;;90;;
240721;2300;;72;;
240722;0000;;36;;
240722;0100;;23;;
240722;0200;;22;;
240722;0300;;13;;
240722;0400;;12;;
240722;0500;;14;;
240722;0600;;16;;
240722;0700;;27;;
240722;0800;;46;;
240722;0900;;37;;
240722;1000;;27;;
240722;1100;;24;;
240722;1200;;18;;
240722;1300;;15;;
240722;1400;;16;;
240722;1500;;13;;
240722;1600;;26;;
240722;1700;;18;;
240722;1800;;157;;
240722;1900;;452;;
240722;2000;;439;;
240722;2100;;334;;
240722;2200;;140;;
240722;2300;;109;;
240723;0000;;111;;
240723;0100;;59;;
240723;0200;;62;;
240723;0300;;48;;
240723;0400;;42;;
240723;0500;;13;;
240723;0600;;33;;
240723;0700;;62;;
240723;0800;;185;;
240723;0900;;133;;
240723;1000;;45;;
240723;1100;;48;;
240723;1200;;40;;
240723;1300;;27;;
240723;1400;;24;;
240723;1500;;21;;
240723;1600;;39;;
240723;1700;;22;;
240723;1800;;16;;
240723;1900;;21;;
240723;2000;;17;;
240723;2100;;17;;
240723;2200;;18;;
240723;2300;;16;;
240724;0000;;11;;
240724;0100;;14;;
240724;0200;;33;;
240724;0300;;13;;
240724;0400;;14;;
240724;0500;;13;;
240724;0600;;12;;
240724;0700;;14;;
240724;0800;;18;;
240724;0900;;17;;
240724;1000;;18;;
240724;1100;;10;;
240724;1200;;13;;
240724;1300;;13;;
240724;1400;;25;;
240724;1500;;23;;
240724;1600;;28;;
240724;1700;;41;;
240724;1800;;23;;
240724;1900;;95;;
240724;2000;;56;;
240724;2100;;28;;
240724;2200;;18;;
240724;2300;;12;;
240725;0000;;21;;
240725;0100;;12;;
240725;0200;;10;;
240725;0300;;7;;
240725;0400;;9;;
240725;0500;;4;;
240725;0600;;8;;
240725;0700;;12;;
240725;0800;;17;;
240725;0900;;12;;
240725;1000;;22;;
240725;1100;;18;;
240725;1200;;21;;
240725;1300;;7;;
240725;1400;;17;;
240725;1500;;11;;
240725;1600;;29;;
240725;1700;;71;;
240725;1800;;198;;
240725;1900;;201;;
240725;2000;;217;;
240725;2100;;130;;
240725;2200;;145;;
240725;2300;;149;;
240726;0000;;113;;
240726;0100;;75;;
240726;0200;;86;;
240726;0300;;33;;
240726;0400;;36;;
240726;0500;;38;;
240726;0600;;38;;
240726;0700;;64;;
240726;0800;;147;;
240726;0900;;118;;
240726;1000;;30;;
240726;1100;;15;;
240726;1200;;19;;
240726;1300;;10;;
240726;1400;;13;;
240726;1500;;11;;
240726;1600;;18;;
240726;1700;;44;;
240726;1800;;203;;
240726;1900;;356;;
240726;2000;;212;;
240726;2100;;308;;
240726;2200;;171;;
240726;2300;;98;;
240727;0000;;166;;
240727;0100;;113;;
240727;0200;;30;;
240727;0300;;20;;
240727;0400;;49;;
240727;0500;;31;;
240727;0600;;16;;
240727;0700;;34;;
240727;0800;;51;;
240727;0900;;74;;
240727;1000;;49;;
240727;1100;;27;;
240727;1200;;12;;
240727;1300;;12;;
240727;1400;;16;;
240727;1500;;25;;
240727;1600;;29;;
240727;1700;;51;;
240727;1800;;172;;
240727;1900;;149;;
240727;2000;;139;;
240727;2100;;136;;
240727;2200;;198;;
240727;2300;;105;;
240728;0000;;89;;
240728;0100;;108;;
240728;0200;;66;;
240728;0300;;34;;
240728;0400;;20;;
240728;0500;;10;;
240728;0600;;12;;
240728;0700;;18;;
240728;0800;;20;;
240728;0900;;16;;
240728;1000;;19;;
240728;1100;;16;;
240728;1200;;12;;
240728;1300;;14;;
240728;1400;;19;;
240728;1500;;21;;
240728;1600;;18;;
240728;1700;;25;;
240728;1800;;35;;
240728;1900;;34;;
240728;2000;;35;;
240728;2100;;41;;
240728;2200;;30;;
240728;2300;;26;;
240729;0000;;20;;
240729;0100;;13;;
240729;0200;;14;;
240729;0300;;11;;
240729;0400;;9;;
240729;0500;;8;;
240729;0600;;13;;
240729;0700;;38;;
240729;0800;;54;;
240729;0900;;40;;
240729;1000;;29;;
240729;1100;;12;;
240729;1200;;10;;
240729;1300;;15;;
240729;1400;;12;;
240729;1500;;23;;
240729;1600;;35;;
240729;1700;;57;;
240729;1800;;102;;
240729;1900;;146;;
240729;2000;;215;;
240729;2100;;180;;
240729;2200;;161;;
240729;2300;;170;;
240730;0000;;85;;
240730;0100;;92;;
240730;0200;;77;;
240730;0300;;61;;
240730;0400;;51;;
240730;0500;;41;;
240730;0600;;38;;
240730;0700;;120;;
240730;0800;;199;;
240730;0900;;173;;
240730;1000;;27;;
240730;1100;;17;;
240730;1200;;15;;
240730;1300;;30;;
240730;1400;;23;;
240730;1500;;61;;
240730;1600;;33;;
240730;1700;;60;;
240730;1800;;333;;
240730;1900;;606;;
240730;2000;;446;;
240730;2100;;493;;
240730;2200;;148;;
240730;2300;;198;;
240731;0000;;49;;
240731;0100;;143;;
240731;0200;;23;;
240731;0300;;13;;
240731;0400;;27;;
240731;0500;;29;;
240731;0600;;18;;
240731;0700;;47;;
240731;0800;;32;;
240731;0900;;8;;
240731;1000;;11;;
240731;1100;;10;;
240731;1200;;9;;
240731;1300;;34;;
240731;1400;;24;;
240731;1500;;15;;
240731;1600;;9;;
240731;1700;;12;;
240731;1800;;11;;
240731;1900;;25;;
240731;2000;;13;;
240731;2100;;11;;
240731;2200;;12;;
240731;2300;;14;;
240801;0000;;11;;
240801;0100;;10;;
240801;0200;;5;;
240801;0300;;9;;
240801;0400;;6;;
240801;0500;;2;;
240801;0600;;3;;
240801;0700;;4;;
240801;0800;;2;;
240801;0900;;4;;
240801;1000;;5;;
240801;1100;;6;;
240801;1200;;5;;
240801;1300;;4;;
240801;1400;;11;;
240801;1500;;7;;
240801;1600;;;;
240801;1700;;;;
240801;1800;;3;;
240801;1900;;6;;
240801;2000;;15;;
240801;2100;;18;;
240801;2200;;11;;
240801;2300;;6;;
240802;0000;;3;;
240802;0100;;5;;
240802;0200;;6;;
240802;0300;;7;;
240802;0400;;6;;
240802;0500;;4;;
240802;0600;;4;;
240802;0700;;4;;
240802;0800;;6;;
240802;0900;;6;;
240802;1000;;11;;
240802;1100;;16;;
240802;1200;;10;;
240802;1300;;15;;
240802;1400;;17;;
240802;1500;;16;;
240802;1600;;23;;
240802;1700;;16;;
240802;1800;;25;;
240802;1900;;26;;
240802;2000;;34;;
240802;2100;;35;;
240802;2200;;15;;
240802;2300;;24;;
240803;0000;;17;;
240803;0100;;16;;
240803;0200;;12;;
240803;0300;;9;;
240803;0400;;9;;
240803;0500;;7;;
240803;0600;;5;;
240803;0700;;8;;
240803;0800;;10;;
240803;0900;;16;;
240803;1000;;29;;
240803;1100;;20;;
240803;1200;;16;;
240803;1300;;30;;
240803;1400;;23;;
240803;1500;;24;;
240803;1600;;21;;
240803;1700;;34;;
240803;1800;;91;;
240803;1900;;160;;
240803;2000;;170;;
240803;2100;;217;;
240803;2200;;106;;
240803;2300;;284;;
240804;0000;;238;;
240804;0100;;158;;
240804;0200;;198;;
240804;0300;;161;;
240804;0400;;74;;
240804;0500;;19;;
240804;0600;;9;;
240804;0700;;6;;
240804;0800;;9;;
240804;0900;;9;;
240804;1000;;7;;
240804;1100;;6;;
240804;1200;;9;;
240804;1300;;7;;
240804;1400;;4;;
240804;1500;;8;;
240804;1600;;5;;
240804;1700;;6;;
240804;1800;;4;;
240804;1900;;3;;
240804;2000;;4;;
240804;2100;;10;;
240804;2200;;12;;
240804;2300;;9;;
240805;0000;;27;;
240805;0100;;11;;
240805;0200;;8;;
240805;0300;;10;;
240805;0400;;5;;
240805;0500;;6;;
240805;0600;;10;;
240805;0700;;8;;
240805;0800;;8;;
240805;0900;;7;;
240805;1000;;6;;
240805;1100;;12;;
240805;1200;;9;;
240805;1300;;15;;
240805;1400;;34;;
240805;1500;;25;;
240805;1600;;15;;
240805;1700;;17;;
240805;1800;;42;;
240805;1900;;69;;
240805;2000;;80;;
240805;2100;;56;;
240805;2200;;46;;
240805;2300;;28;;
240806;0000;;66;;
240806;0100;;49;;
240806;0200;;28;;
240806;0300;;12;;
240806;0400;;15;;
240806;0500;;18;;
240806;0600;;25;;
240806;0700;;14;;
240806;0800;;22;;
240806;0900;;12;;
240806;1000;;11;;
240806;1100;;17;;
240806;1200;;11;;
240806;1300;;16;;
240806;1400;;6;;
240806;1500;;11;;
240806;1600;;8;;
240806;1700;;39;;
240806;1800;;186;;
240806;1900;;209;;
240806;2000;;192;;
240806;2100;;214;;
240806;2200;;144;;
240806;2300;;108;;
240807;0000;;135;;
240807;0100;;94;;
240807;0200;;78;;
240807;0300;;72;;
240807;0400;;39;;
240807;0500;;34;;
240807;0600;;40;;
240807;0700;;60;;
240807;0800;;88;;
240807;0900;;40;;
240807;1000;;21;;
240807;1100;;14;;
240807;1200;;19;;
240807;1300;;11;;
240807;1400;;11;;
240807;1500;;12;;
240807;1600;;19;;
240807;1700;;36;;
240807;1800;;52;;
240807;1900;;67;;
240807;2000;;63;;
240807;2100;;93;;
240807;2200;;132;;
240807;2300;;69;;
240808;0000;;108;;
240808;0100;;45;;
240808;0200;;79;;
240808;0300;;44;;
240808;0400;;37;;
240808;0500;;31;;
240808;0600;;29;;
240808;0700;;81;;
240808;0800;;103;;
240808;0900;;72;;
240808;1000;;19;;
240808;1100;;6;;
240808;1200;;10;;
240808;1300;;14;;
240808;1400;;10;;
240808;1500;;12;;
240808;1600;;17;;
240808;1700;;41;;
240808;1800;;72;;
240808;1900;;77;;
240808;2000;;67;;
240808;2100;;122;;
240808;2200;;249;;
240808;2300;;189;;
240809;0000;;200;;
240809;0100;;136;;
240809;0200;;81;;
240809;0300;;79;;
240809;0400;;76;;
240809;0500;;46;;
240809;0600;;66;;
240809;0700;;108;;
240809;0800;;151;;
240809;0900;;5;;
240809;1000;;10;;
240809;1100;;9;;
240809;1200;;7;;
240809;1300;;7;;
240809;1400;;8;;
240809;1500;;18;;
240809;1600;;9;;
240809;1700;;45;;
240809;1800;;49;;
240809;1900;;49;;
240809;2000;;73;;
240809;2100;;80;;
240809;2200;;90;;
240809;2300;;137;;
240810;0000;;24;;
240810;0100;;50;;
240810;0200;;37;;
240810;0300;;32;;
240810;0400;;25;;
240810;0500;;9;;
240810;0600;;17;;
240810;0700;;1;;
240810;0800;;13;;
240810;0900;;11;;
240810;1000;;20;;
240810;1100;;19;;
240810;1200;;20;;
240810;1300;;21;;
240810;1400;;17;;
240810;1500;;23;;
240810;1600;;18;;
240810;1700;;33;;
240810;1800;;41;;
240810;1900;;27;;
240810;2000;;53;;
240810;2100;;64;;
240810;2200;;39;;
240810;2300;;38;;
240811;0000;;32;;
240811;0100;;57;;
240811;0200;;160;;
240811;0300;;46;;
240811;0400;;32;;
240811;0500;;26;;
240811;0600;;37;;
240811;0700;;37;;
240811;0800;;74;;
240811;0900;;27;;
240811;1000;;5;;
240811;1100;;3;;
240811;1200;;7;;
240811;1300;;7;;
240811;1400;;12;;
240811;1500;;12;;
240811;1600;;18;;
240811;1700;;29;;
240811;1800;;46;;
240811;1900;;53;;
240811;2000;;79;;
240811;2100;;85;;
240811;2200;;46;;
240811;2300;;66;;
240812;0000;;36;;
240812;0100;;35;;
240812;0200;;32;;
240812;0300;;18;;
240812;0400;;15;;
240812;0500;;12;;
240812;0600;;19;;
240812;0700;;39;;
240812;0800;;73;;
240812;0900;;25;;
240812;1000;;8;;
240812;1100;;20;;
240812;1200;;;;
240812;1300;;;;
240812;1400;;15;;
240812;1500;;14;;
240812;1600;;23;;
240812;1700;;35;;
240812;1800;;163;;
240812;1900;;370;;
240812;2000;;291;;
240812;2100;;276;;
240812;2200;;261;;
240812;2300;;269;;
240813;0000;;163;;
240813;0100;;136;;
240813;0200;;147;;
240813;0300;;87;;
240813;0400;;52;;
240813;0500;;59;;
240813;0600;;75;;
240813;0700;;102;;
240813;0800;;128;;
240813;0900;;141;;
240813;1000;;54;;
240813;1100;;24;;
240813;1200;;34;;
240813;1300;;26;;
240813;1400;;20;;
240813;1500;;19;;
240813;1600;;24;;
240813;1700;;31;;
240813;1800;;68;;
240813;1900;;91;;
240813;2000;;52;;
240813;2100;;143;;
240813;2200;;83;;
240813;2300;;220;;
240814;0000;;78;;
240814;0100;;30;;
240814;0200;;42;;
240814;0300;;48;;
240814;0400;;9;;
240814;0500;;8;;
240814;0600;;16;;
240814;0700;;30;;
240814;0800;;41;;
240814;0900;;20;;
240814;1000;;20;;
240814;1100;;1;;
240814;1200;;3;;
240814;1300;;3;;
240814;1400;;1;;
240814;1500;;4;;
240814;1600;;5;;
240814;1700;;6;;
240814;1800;;51;;
240814;1900;;493;;
240814;2000;;303;;
240814;2100;;411;;
240814;2200;;272;;
240814;2300;;254;;
240815;0000;;205;;
240815;0100;;128;;
240815;0200;;135;;
240815;0300;;71;;
240815;0400;;56;;
240815;0500;;36;;
240815;0600;;46;;
240815;0700;;59;;
240815;0800;;101;;
240815;0900;;32;;
240815;1000;;10;;
240815;1100;;18;;
240815;1200;;38;;
240815;1300;;10;;
240815;1400;;12;;
240815;1500;;11;;
240815;1600;;21;;
240815;1700;;31;;
240815;1800;;58;;
240815;1900;;104;;
240815;2000;;102;;
240815;2100;;238;;
240815;2200;;189;;
240815;2300;;161;;
240816;0000;;149;;
240816;0100;;127;;
240816;0200;;75;;
240816;0300;;82;;
240816;0400;;38;;
240816;0500;;33;;
240816;0600;;34;;
240816;0700;;51;;
240816;0800;;38;;
240816;0900;;35;;
240816;1000;;24;;
240816;1100;;26;;
240816;1200;;21;;
240816;1300;;14;;
240816;1400;;12;;
240816;1500;;13;;
240816;1600;;19;;
240816;1700;;24;;
240816;1800;;139;;
240816;1900;;234;;
240816;2000;;316;;
240816;2100;;145;;
240816;2200;;144;;
240816;2300;;209;;
240817;0000;;193;;
240817;0100;;104;;
240817;0200;;128;;
240817;0300;;60;;
240817;0400;;24;;
240817;0500;;82;;
240817;0600;;37;;
240817;0700;;75;;
240817;0800;;68;;
240817;0900;;7;;
240817;1000;;22;;
240817;1100;;9;;
240817;1200;;16;;
240817;1300;;12;;
240817;1400;;8;;
240817;1500;;10;;
240817;1600;;18;;
240817;1700;;28;;
240817;1800;;57;;
240817;1900;;112;;
240817;2000;;120;;
240817;2100;;135;;
240817;2200;;94;;
240817;2300;;109;;
240818;0000;;62;;
240818;0100;;72;;
240818;0200;;47;;
240818;0300;;42;;
240818;0400;;31;;
240818;0500;;31;;
240818;0600;;14;;
240818;0700;;16;;
240818;0800;;16;;
240818;0900;;12;;
240818;1000;;14;;
240818;1100;;15;;
240818;1200;;13;;
240818;1300;;21;;
240818;1400;;14;;
240818;1500;;17;;
240818;1600;;14;;
240818;1700;;29;;
240818;1800;;70;;
240818;1900;;283;;
240818;2000;;206;;
240818;2100;;188;;
240818;2200;;213;;
240818;2300;;177;;
240819;0000;;101;;
240819;0100;;91;;
240819;0200;;83;;
240819;0300;;54;;
240819;0400;;42;;
240819;0500;;30;;
240819;0600;;10;;
240819;0700;;5;;
240819;0800;;2;;
240819;0900;;1;;
240819;1000;;1;;
240819;1100;;2;;
240819;1200;;2;;
240819;1300;;2;;
240819;1400;;5;;
240819;1500;;19;;
240819;1600;;26;;
240819;1700;;28;;
240819;1800;;50;;
240819;1900;;81;;
240819;2000;;27;;
240819;2100;;30;;
240819;2200;;86;;
240819;2300;;278;;
240820;0000;;256;;
240820;0100;;158;;
240820;0200;;83;;
240820;0300;;61;;
240820;0400;;55;;
240820;0500;;44;;
240820;0600;;58;;
240820;0700;;90;;
240820;0800;;171;;
240820;0900;;45;;
240820;1000;;22;;
240820;1100;;10;;
240820;1200;;13;;
240820;1300;;12;;
240820;1400;;9;;
240820;1500;;8;;
240820;1600;;14;;
240820;1700;;16;;
240820;1800;;71;;
240820;1900;;393;;
240820;2000;;67;;
240820;2100;;176;;
240820;2200;;207;;
240820;2300;;188;;
240821;0000;;131;;
240821;0100;;25;;
240821;0200;;16;;
240821;0300;;12;;
240821;0400;;11;;
240821;0500;;11;;
240821;0600;;10;;
240821;0700;;12;;
240821;0800;;16;;
240821;0900;;4;;
240821;1000;;8;;
240821;1100;;8;;
240821;1200;;9;;
240821;1300;;9;;
240821;1400;;10;;
240821;1500;;31;;
240821;1600;;23;;
240821;1700;;39;;
240821;1800;;38;;
240821;1900;;38;;
240821;2000;;44;;
240821;2100;;47;;
240821;2200;;66;;
240821;2300;;34;;
240822;0000;;20;;
240822;0100;;20;;
240822;0200;;6;;
240822;0300;;9;;
240822;0400;;8;;
240822;0500;;12;;
240822;0600;;8;;
240822;0700;;19;;
240822;0800;;22;;
240822;0900;;19;;
240822;1000;;22;;
240822;1100;;10;;
240822;1200;;25;;
240822;1300;;37;;
240822;1400;;23;;
240822;1500;;11;;
240822;1600;;16;;
240822;1700;;38;;
240822;1800;;58;;
240822;1900;;127;;
240822;2000;;64;;
240822;2100;;51;;
240822;2200;;62;;
240822;2300;;48;;
240823;0000;;37;;
240823;0100;;32;;
240823;0200;;28;;
240823;0300;;17;;
240823;0400;;26;;
240823;0500;;16;;
240823;0600;;34;;
240823;0700;;101;;
240823;0800;;82;;
240823;0900;;35;;
240823;1000;;12;;
240823;1100;;15;;
240823;1200;;5;;
240823;1300;;5;;
240823;1400;;12;;
240823;1500;;15;;
240823;1600;;17;;
240823;1700;;23;;
240823;1800;;100;;
240823;1900;;221;;
240823;2000;;253;;
240823;2100;;199;;
240823;2200;;197;;
240823;2300;;215;;
240824;0000;;190;;
240824;0100;;120;;
240824;0200;;103;;
240824;0300;;110;;
240824;0400;;81;;
240824;0500;;55;;
240824;0600;;53;;
240824;0700;;93;;
240824;0800;;102;;
240824;0900;;35;;
240824;1000;;8;;
240824;1100;;6;;
240824;1200;;9;;
240824;1300;;7;;
240824;1400;;13;;
240824;1500;;11;;
240824;1600;;10;;
240824;1700;;38;;
240824;1800;;62;;
240824;1900;;148;;
240824;2000;;55;;
240824;2100;;315;;
240824;2200;;317;;
240824;2300;;139;;
240825;0000;;167;;
240825;0100;;107;;
240825;0200;;85;;
240825;0300;;78;;
240825;0400;;55;;
240825;0500;;62;;
240825;0600;;40;;
240825;0700;;42;;
240825;0800;;65;;
240825;0900;;3;;
240825;1000;;3;;
240825;1100;;5;;
240825;1200;;12;;
240825;1300;;11;;
240825;1400;;22;;
240825;1500;;10;;
240825;1600;;20;;
240825;1700;;19;;
240825;1800;;42;;
240825;1900;;89;;
240825;2000;;134;;
240825;2100;;84;;
240825;2200;;15;;
240825;2300;;16;;
240826;0000;;14;;
240826;0100;;9;;
240826;0200;;9;;
240826;0300;;12;;
240826;0400;;19;;
240826;0500;;13;;
240826;0600;;14;;
240826;0700;;18;;
240826;0800;;20;;
240826;0900;;21;;
240826;1000;;13;;
240826;1100;;20;;
240826;1200;;19;;
240826;1300;;15;;
240826;1400;;14;;
240826;1500;;15;;
240826;1600;;26;;
240826;1700;;35;;
240826;1800;;73;;
240826;1900;;80;;
240826;2000;;100;;
240826;2100;;84;;
240826;2200;;266;;
240826;2300;;153;;
240827;0000;;76;;
240827;0100;;39;;
240827;0200;;21;;
240827;0300;;18;;
240827;0400;;18;;
240827;0500;;12;;
240827;0600;;10;;
240827;0700;;24;;
240827;0800;;24;;
240827;0900;;19;;
240827;1000;;14;;
240827;1100;;17;;
240827;1200;;17;;
240827;1300;;9;;
240827;1400;;11;;
240827;1500;;11;;
240827;1600;;17;;
240827;1700;;27;;
240827;1800;;33;;
240827;1900;;32;;
240827;2000;;36;;
240827;2100;;27;;
240827;2200;;29;;
240827;2300;;18;;
240828;0000;;18;;
240828;0100;;17;;
240828;0200;;13;;
240828;0300;;13;;
240828;0400;;10;;
240828;0500;;7;;
240828;0600;;14;;
240828;0700;;16;;
240828;0800;;21;;
240828;0900;;21;;
240828;1000;;16;;
240828;1100;;15;;
240828;1200;;14;;
240828;1300;;13;;
240828;1400;;12;;
240828;1500;;12;;
240828;1600;;12;;
240828;1700;;17;;
240828;1800;;25;;
240828;1900;;22;;
240828;2000;;26;;
240828;2100;;27;;
240828;2200;;23;;
240828;2300;;16;;
240829;0000;;18;;
240829;0100;;14;;
240829;0200;;11;;
240829;0300;;7;;
240829;0400;;8;;
240829;0500;;14;;
240829;0600;;11;;
240829;0700;;22;;
240829;0800;;28;;
240829;0900;;22;;
240829;1000;;1;;
240829;1100;;6;;
240829;1200;;4;;
240829;1300;;1;;
240829;1400;;1;;
240829;1500;;3;;
240829;1600;;6;;
240829;1700;;7;;
240829;1800;;9;;
240829;1900;;9;;
240829;2000;;8;;
240829;2100;;9;;
240829;2200;;11;;
240829;2300;;13;;
240830;0000;;12;;
240830;0100;;25;;
240830;0200;;19;;
240830;0300;;40;;
240830;0400;;36;;
240830;0500;;37;;
240830;0600;;26;;
240830;0700;;58;;
240830;0800;;23;;
240830;0900;;32;;
240830;1000;;24;;
240830;1100;;27;;
240830;1200;;33;;
240830;1300;;25;;
240830;1400;;35;;
240830;1500;;27;;
240830;1600;;36;;
240830;1700;;29;;
240830;1800;;49;;
240830;1900;;227;;
240830;2000;;259;;
240830;2100;;171;;
240830;2200;;191;;
240830;2300;;140;;
240831;0000;;165;;
240831;0100;;109;;
240831;0200;;116;;
240831;0300;;78;;
240831;0400;;37;;
240831;0500;;35;;
240831;0600;;60;;
240831;0700;;68;;
240831;0800;;80;;
240831;0900;;48;;
240831;1000;;19;;
240831;1100;;16;;
240831;1200;;13;;
240831;1300;;16;;
240831;1400;;12;;
240831;1500;;11;;
240831;1600;;20;;
240831;1700;;28;;
240831;1800;;65;;
240831;1900;;217;;
240831;2000;;193;;
240831;2100;;222;;
240831;2200;;319;;
240831;2300;;243;;
240901;0000;;179;;
240901;0100;;57;;
240901;0200;;25;;
240901;0300;;22;;
240901;0400;;22;;
240901;0500;;17;;
240901;0600;;24;;
240901;0700;;27;;
240901;0800;;19;;
240901;0900;;33;;
240901;1000;;31;;
240901;1100;;36;;
240901;1200;;48;;
240901;1300;;42;;
240901;1400;;40;;
240901;1500;;35;;
240901;1600;;29;;
240901;1700;;28;;
240901;1800;;24;;
240901;1900;;19;;
240901;2000;;23;;
240901;2100;;22;;
240901;2200;;9;;
240901;2300;;12;;
240902;0000;;10;;
240902;0100;;10;;
240902;0200;;8;;
240902;0300;;8;;
240902;0400;;6;;
240902;0500;;6;;
240902;0600;;11;;
240902;0700;;15;;
240902;0800;;12;;
240902;0900;;15;;
240902;1000;;17;;
240902;1100;;20;;
240902;1200;;17;;
240902;1300;;13;;
240902;1400;;28;;
240902;1500;;17;;
240902;1600;;12;;
240902;1700;;22;;
240902;1800;;39;;
240902;1900;;46;;
240902;2000;;44;;
240902;2100;;52;;
240902;2200;;51;;
240902;2300;;40;;
240903;0000;;34;;
240903;0100;;16;;
240903;0200;;17;;
240903;0300;;14;;
240903;0400;;10;;
240903;0500;;9;;
240903;0600;;12;;
240903;0700;;26;;
240903;0800;;40;;
240903;0900;;17;;
240903;1000;;19;;
240903;1100;;16;;
240903;1200;;18;;
240903;1300;;23;;
240903;1400;;29;;
240903;1500;;24;;
240903;1600;;20;;
240903;1700;;25;;
240903;1800;;23;;
240903;1900;;34;;
240903;2000;;32;;
240903;2100;;29;;
240903;2200;;41;;
240903;2300;;99;;
240904;0000;;67;;
240904;0100;;33;;
240904;0200;;9;;
240904;0300;;10;;
240904;0400;;11;;
240904;0500;;14;;
240904;0600;;15;;
240904;0700;;56;;
240904;0800;;36;;
240904;0900;;8;;
240904;1000;;6;;
240904;1100;;10;;
240904;1200;;7;;
240904;1300;;9;;
240904;1400;;6;;
240904;1500;;5;;
240904;1600;;8;;
240904;1700;;12;;
240904;1800;;53;;
240904;1900;;95;;
240904;2000;;120;;
240904;2100;;221;;
240904;2200;;177;;
240904;2300;;138;;
240905;0000;;57;;
240905;0100;;5;;
240905;0200;;7;;
240905;0300;;12;;
240905;0400;;17;;
240905;0500;;15;;
240905;0600;;20;;
240905;0700;;22;;
240905;0800;;28;;
240905;0900;;19;;
240905;1000;;25;;
240905;1100;;10;;
240905;1200;;9;;
240905;1300;;6;;
240905;1400;;8;;
240905;1500;;10;;
240905;1600;;17;;
240905;1700;;18;;
240905;1800;;18;;
240905;1900;;127;;
240905;2000;;48;;
240905;2100;;29;;
240905;2200;;37;;
240905;2300;;26;;
240906;0000;;21;;
240906;0100;;19;;
240906;0200;;18;;
240906;0300;;10;;
240906;0400;;15;;
240906;0500;;6;;
240906;0600;;20;;
240906;0700;;15;;
240906;0800;;15;;
240906;0900;;25;;
240906;1000;;16;;
240906;1100;;15;;
240906;1200;;12;;
240906;1300;;22;;
240906;1400;;17;;
240906;1500;;17;;
240906;1600;;16;;
240906;1700;;25;;
240906;1800;;28;;
240906;1900;;49;;
240906;2000;;43;;
240906;2100;;63;;
240906;2200;;72;;
240906;2300;;120;;
240907;0000;;124;;
240907;0100;;44;;
240907;0200;;78;;
240907;0300;;53;;
240907;0400;;63;;
240907;0500;;33;;
240907;0600;;28;;
240907;0700;;34;;
240907;0800;;29;;
240907;0900;;4;;
240907;1000;;5;;
240907;1100;;7;;
240907;1200;;6;;
240907;1300;;17;;
240907;1400;;7;;
240907;1500;;12;;
240907;1600;;6;;
240907;1700;;28;;
240907;1800;;89;;
240907;1900;;99;;
240907;2000;;137;;
240907;2100;;87;;
240907;2200;;95;;
240907;2300;;115;;
240908;0000;;208;;
240908;0100;;137;;
240908;0200;;118;;
240908;0300;;71;;
240908;0400;;42;;
240908;0500;;53;;
240908;0600;;39;;
240908;0700;;70;;
240908;0800;;31;;
240908;0900;;9;;
240908;1000;;8;;
240908;1100;;7;;
240908;1200;;5;;
240908;1300;;8;;
240908;1400;;9;;
240908;1500;;12;;
240908;1600;;9;;
240908;1700;;21;;
240908;1800;;44;;
240908;1900;;205;;
240908;2000;;194;;
240908;2100;;216;;
240908;2200;;245;;
240908;2300;;110;;
240909;0000;;106;;
240909;0100;;82;;
240909;0200;;60;;
240909;0300;;39;;
240909;0400;;38;;
240909;0500;;46;;
240909;0600;;109;;
240909;0700;;35;;
240909;0800;;11;;
240909;0900;;8;;
240909;1000;;8;;
240909;1100;;9;;
240909;1200;;12;;
240909;1300;;19;;
240909;1400;;6;;
240909;1500;;14;;
240909;1600;;14;;
240909;1700;;10;;
240909;1800;;8;;
240909;1900;;18;;
240909;2000;;15;;
240909;2100;;22;;
240909;2200;;22;;
240909;2300;;19;;
240910;0000;;10;;
240910;0100;;19;;
240910;0200;;10;;
240910;0300;;9;;
240910;0400;;10;;
240910;0500;;12;;
240910;0600;;16;;
240910;0700;;22;;
240910;0800;;20;;
240910;0900;;20;;
240910;1000;;19;;
240910;1100;;23;;
240910;1200;;20;;
240910;1300;;21;;
240910;1400;;26;;
240910;1500;;18;;
240910;1600;;23;;
240910;1700;;19;;
240910;1800;;49;;
240910;1900;;114;;
240910;2000;;150;;
240910;2100;;110;;
240910;2200;;117;;
240910;2300;;96;;
240911;0000;;161;;
240911;0100;;58;;
240911;0200;;43;;
240911;0300;;63;;
240911;0400;;51;;
240911;0500;;38;;
240911;0600;;47;;
240911;0700;;144;;
240911;0800;;69;;
240911;0900;;23;;
240911;1000;;11;;
240911;1100;;9;;
240911;1200;;10;;
240911;1300;;9;;
240911;1400;;8;;
240911;1500;;8;;
240911;1600;;13;;
240911;1700;;20;;
240911;1800;;43;;
240911;1900;;49;;
240911;2000;;35;;
240911;2100;;40;;
240911;2200;;46;;
240911;2300;;60;;
240912;0000;;59;;
240912;0100;;41;;
240912;0200;;39;;
240912;0300;;30;;
240912;0400;;23;;
240912;0500;;21;;
240912;0600;;55;;
240912;0700;;104;;
240912;0800;;68;;
240912;0900;;15;;
240912;1000;;12;;
240912;1100;;16;;
240912;1200;;13;;
240912;1300;;8;;
240912;1400;;5;;
240912;1500;;12;;
240912;1600;;11;;
240912;1700;;10;;
240912;1800;;24;;
240912;1900;;29;;
240912;2000;;85;;
240912;2100;;87;;
240912;2200;;142;;
240912;2300;;62;;
240913;0000;;29;;
240913;0100;;50;;
240913;0200;;25;;
240913;0300;;23;;
240913;0400;;23;;
240913;0500;;18;;
240913;0600;;27;;
240913;0700;;41;;
240913;0800;;26;;
240913;0900;;27;;
240913;1000;;15;;
240913;1100;;12;;
240913;1200;;10;;
240913;1300;;7;;
240913;1400;;17;;
240913;1500;;8;;
240913;1600;;13;;
240913;1700;;20;;
240913;1800;;34;;
240913;1900;;121;;
240913;2000;;172;;
240913;2100;;187;;
240913;2200;;94;;
240913;2300;;80;;
240914;0000;;131;;
240914;0100;;83;;
240914;0200;;38;;
240914;0300;;26;;
240914;0400;;49;;
240914;0500;;19;;
240914;0600;;23;;
240914;0700;;43;;
240914;0800;;36;;
240914;0900;;11;;
240914;1000;;14;;
240914;1100;;11;;
240914;1200;;9;;
240914;1300;;8;;
240914;1400;;6;;
240914;1500;;7;;
240914;1600;;15;;
240914;1700;;23;;
240914;1800;;41;;
240914;1900;;42;;
240914;2000;;34;;
240914;2100;;34;;
240914;2200;;30;;
240914;2300;;88;;
240915;0000;;114;;
240915;0100;;101;;
240915;0200;;70;;
240915;0300;;51;;
240915;0400;;37;;
240915;0500;;30;;
240915;0600;;34;;
240915;0700;;52;;
240915;0800;;71;;
240915;0900;;21;;
240915;1000;;7;;
240915;1100;;12;;
240915;1200;;;;
240915;1300;;2;;
240915;1400;;1;;
240915;1500;;2;;
240915;1600;;6;;
240915;1700;;8;;
240915;1800;;50;;
240915;1900;;127;;
240915;2000;;76;;
240915;2100;;131;;
240915;2200;;94;;
240915;2300;;58;;
240916;0000;;48;;
240916;0100;;31;;
240916;0200;;14;;
240916;0300;;10;;
240916;0400;;12;;
240916;0500;;10;;
240916;0600;;9;;
240916;0700;;21;;
240916;0800;;22;;
240916;0900;;14;;
240916;1000;;13;;
240916;1100;;10;;
240916;1200;;8;;
240916;1300;;8;;
240916;1400;;13;;
240916;1500;;10;;
240916;1600;;12;;
240916;1700;;19;;
240916;1800;;22;;
240916;1900;;25;;
240916;2000;;27;;
240916;2100;;41;;
240916;2200;;40;;
240916;2300;;97;;
240917;0000;;54;;
240917;0100;;85;;
240917;0200;;57;;
240917;0300;;56;;
240917;0400;;67;;
240917;0500;;19;;
240917;0600;;12;;
240917;0700;;13;;
240917;0800;;19;;
240917;0900;;20;;
240917;1000;;16;;
240917;1100;;17;;
240917;1200;;21;;
240917;1300;;16;;
240917;1400;;14;;
240917;1500;;12;;
240917;1600;;12;;
240917;1700;;24;;
240917;1800;;14;;
240917;1900;;255;;
240917;2000;;188;;
240917;2100;;231;;
240917;2200;;124;;
240917;2300;;121;;
240918;0000;;145;;
240918;0100;;96;;
240918;0200;;99;;
240918;0300;;60;;
240918;0400;;65;;
240918;0500;;50;;
240918;0600;;43;;
240918;0700;;15;;
240918;0800;;9;;
240918;0900;;9;;
240918;1000;;10;;
240918;1100;;12;;
240918;1200;;15;;
240918;1300;;19;;
240918;1400;;20;;
240918;1500;;21;;
240918;1600;;14;;
240918;1700;;17;;
240918;1800;;14;;
240918;1900;;18;;
240918;2000;;15;;
240918;2100;;2;;
240918;2200;;4;;
240918;2300;;4;;
240919;0000;;3;;
240919;0100;;3;;
240919;0200;;4;;
240919;0300;;4;;
240919;0400;;3;;
240919;0500;;2;;
240919;0600;;2;;
240919;0700;;4;;
240919;0800;;4;;
240919;0900;;4;;
240919;1000;;9;;
240919;1100;;7;;
240919;1200;;8;;
240919;1300;;9;;
240919;1400;;13;;
240919;1500;;9;;
240919;1600;;18;;
240919;1700;;10;;
240919;1800;;11;;
240919;1900;;17;;
240919;2000;;15;;
240919;2100;;18;;
240919;2200;;19;;
240919;2300;;13;;
240920;0000;;10;;
240920;0100;;13;;
240920;0200;;7;;
240920;0300;;4;;
240920;0400;;5;;
240920;0500;;6;;
240920;0600;;4;;
240920;0700;;4;;
240920;0800;;6;;
240920;0900;;11;;
240920;1000;;8;;
240920;1100;;4;;
240920;1200;;4;;
240920;1300;;14;;
240920;1400;;17;;
240920;1500;;7;;
240920;1600;;9;;
240920;1700;;5;;
240920;1800;;5;;
240920;1900;;14;;
240920;2000;;9;;
240920;2100;;6;;
240920;2200;;8;;
240920;2300;;5;;
240921;0000;;6;;
240921;0100;;5;;
240921;0200;;4;;
240921;0300;;6;;
240921;0400;;4;;
240921;0500;;5;;
240921;0600;;6;;
240921;0700;;5;;
240921;0800;;10;;
240921;0900;;31;;
240921;1000;;16;;
240921;1100;;13;;
240921;1200;;20;;
240921;1300;;30;;
240921;1400;;26;;
240921;1500;;17;;
240921;1600;;26;;
240921;1700;;21;;
240921;1800;;27;;
240921;1900;;25;;
240921;2000;;33;;
240921;2100;;20;;
240921;2200;;20;;
240921;2300;;19;;
240922;0000;;15;;
240922;0100;;22;;
240922;0200;;6;;
240922;0300;;7;;
240922;0400;;8;;
240922;0500;;8;;
240922;0600;;6;;
240922;0700;;7;;
240922;0800;;8;;
240922;0900;;8;;
240922;1000;;7;;
240922;1100;;8;;
240922;1200;;14;;
240922;1300;;18;;
240922;1400;;11;;
240922;1500;;11;;
240922;1600;;15;;
240922;1700;;17;;
240922;1800;;15;;
240922;1900;;16;;
240922;2000;;14;;
240922;2100;;12;;
240922;2200;;14;;
240922;2300;;9;;
240923;0000;;17;;
240923;0100;;17;;
240923;0200;;16;;
240923;0300;;8;;
240923;0400;;11;;
240923;0500;;6;;
240923;0600;;4;;
240923;0700;;3;;
240923;0800;;12;;
240923;0900;;9;;
240923;1000;;6;;
240923;1100;;3;;
240923;1200;;1;;
240923;1300;;2;;
240923;1400;;5;;
240923;1500;;17;;
240923;1600;;3;;
240923;1700;;3;;
240923;1800;;37;;
240923;1900;;120;;
240923;2000;;104;;
240923;2100;;70;;
240923;2200;;199;;
240923;2300;;186;;
240924;0000;;59;;
240924;0100;;70;;
240924;0200;;52;;
240924;0300;;45;;
240924;0400;;27;;
240924;0500;;34;;
240924;0600;;99;;
240924;0700;;159;;
240924;0800;;27;;
240924;0900;;5;;
240924;1000;;9;;
240924;1100;;25;;
240924;1200;;12;;
240924;1300;;21;;
240924;1400;;14;;
240924;1500;;14;;
240924;1600;;19;;
240924;1700;;17;;
240924;1800;;44;;
240924;1900;;62;;
240924;2000;;74;;
240924;2100;;59;;
240924;2200;;38;;
240924;2300;;46;;
240925;0000;;89;;
240925;0100;;110;;
240925;0200;;36;;
240925;0300;;15;;
240925;0400;;13;;
240925;0500;;31;;
240925;0600;;59;;
240925;0700;;46;;
240925;0800;;17;;
240925;0900;;7;;
240925;1000;;4;;
240925;1100;;;;
240925;1200;;;;
240925;1300;;6;;
240925;1400;;9;;
240925;1500;;5;;
240925;1600;;3;;
240925;1700;;19;;
240925;1800;;41;;
240925;1900;;85;;
240925;2000;;62;;
240925;2100;;48;;
240925;2200;;50;;
240925;2300;;40;;
240926;0000;;46;;
240926;0100;;36;;
240926;0200;;33;;
240926;0300;;10;;
240926;0400;;10;;
240926;0500;;19;;
240926;0600;;47;;
240926;0700;;30;;
240926;0800;;18;;
240926;0900;;26;;
240926;1000;;17;;
240926;1100;;13;;
240926;1200;;11;;
240926;1300;;9;;
240926;1400;;9;;
240926;1500;;6;;
240926;1600;;15;;
240926;1700;;17;;
240926;1800;;40;;
240926;1900;;36;;
240926;2000;;32;;
240926;2100;;29;;
240926;2200;;87;;
240926;2300;;170;;
240927;0000;;147;;
240927;0100;;77;;
240927;0200;;18;;
240927;0300;;17;;
240927;0400;;22;;
240927;0500;;12;;
240927;0600;;20;;
240927;0700;;24;;
240927;0800;;17;;
240927;0900;;5;;
240927;1000;;7;;
240927;1100;;15;;
240927;1200;;15;;
240927;1300;;18;;
240927;1400;;12;;
240927;1500;;9;;
240927;1600;;9;;
240927;1700;;13;;
240927;1800;;26;;
240927;1900;;34;;
240927;2000;;65;;
240927;2100;;122;;
240927;2200;;47;;
240927;2300;;8;;
240928;0000;;10;;
240928;0100;;11;;
240928;0200;;17;;
240928;0300;;42;;
240928;0400;;43;;
240928;0500;;28;;
240928;0600;;43;;
240928;0700;;85;;
240928;0800;;27;;
240928;0900;;35;;
240928;1000;;8;;
240928;1100;;10;;
240928;1200;;11;;
240928;1300;;10;;
240928;1400;;11;;
240928;1500;;13;;
240928;1600;;7;;
240928;1700;;4;;
240928;1800;;5;;
240928;1900;;8;;
240928;2000;;6;;
240928;2100;;27;;
240928;2200;;17;;
240928;2300;;10;;
240929;0000;;14;;
240929;0100;;8;;
240929;0200;;17;;
240929;0300;;11;;
240929;0400;;12;;
240929;0500;;23;;
240929;0600;;4;;
240929;0700;;8;;
240929;0800;;5;;
240929;0900;;6;;
240929;1000;;5;;
240929;1100;;7;;
240929;1200;;7;;
240929;1300;;6;;
240929;1400;;7;;
240929;1500;;8;;
240929;1600;;11;;
240929;1700;;10;;
240929;1800;;11;;
240929;1900;;19;;
240929;2000;;25;;
240929;2100;;29;;
240929;2200;;12;;
240929;2300;;8;;
240930;0000;;7;;
240930;0100;;5;;
240930;0200;;2;;
240930;0300;;2;;
240930;0400;;2;;
240930;0500;;5;;
240930;0600;;7;;
240930;0700;;17;;
240930;0800;;15;;
240930;0900;;18;;
240930;1000;;11;;
240930;1100;;18;;
240930;1200;;13;;
240930;1300;;8;;
240930;1400;;7;;
240930;1500;;13;;
240930;1600;;13;;
240930;1700;;20;;
240930;1800;;22;;
240930;1900;;16;;
240930;2000;;50;;
240930;2100;;33;;
240930;2200;;23;;
240930;2300;;43;;
